eval_video_label,prompt_class_name,prompt_class_index,prompt_index,prompt_text,auc,ap,positive_mean,negative_mean,margin
Abuse,Normal,0,0,normal an orderly scene with predictable everyday human activity,47.80531609195402,5.379441170654123,0.5876056551933289,0.5954074859619141,-0.007801830768585205
Abuse,Abuse,1,0,abuse a vulnerable victim enduring repeated close range mistreatment,49.8132183908046,5.586360267613577,0.908922553062439,0.8504179120063782,0.05850464105606079
Abuse,Arrest,2,0,arrest a person being arrested by uniformed police officers,55.53879310344828,6.272009361475174,0.8177092671394348,0.7607117295265198,0.05699753761291504
Abuse,Arson,3,0,arson a person lighting material before flames spread,52.02945402298851,5.766473662698682,0.7839335203170776,0.72393798828125,0.05999553203582764
Abuse,Assault,4,0,assault an attacker swinging arms repeatedly at another person,56.910919540229884,6.370884695726921,0.8792942762374878,0.8063032031059265,0.07299107313156128
Abuse,Burglary,5,0,burglary a person illegally entering a building to steal property,48.54166666666666,5.54244034462721,0.955061137676239,0.9493069648742676,0.0057541728019714355
Abuse,Explosion,6,0,explosion a powerful blast destroying an object or structure,67.94540229885058,8.312235254285694,0.6438970565795898,0.5502941012382507,0.09360295534133911
Abuse,Fighting,7,0,fighting a public fight where both sides are physically attacking,55.707614942528735,6.2121572500008835,0.899139404296875,0.8407211899757385,0.058418214321136475
Abuse,RoadAccidents,8,0,roadAccidents a vehicle collision causing roadway impact and disruption,71.4403735632184,26.442284869933815,0.9236049652099609,0.8716013431549072,0.05200362205505371
Abuse,Robbery,9,0,robbery a threatening person demanding valuables from a victim,44.70186781609195,5.132685814409939,0.9503389596939087,0.9363820552825928,0.013956904411315918
Abuse,Shooting,10,0,shooting a shooting incident involving a visible gun,57.94540229885057,6.696688038922679,0.8808294534683228,0.8154631853103638,0.06536626815795898
Abuse,Shoplifting,11,0,shoplifting a person secretly taking merchandise from a store without paying,40.86925287356321,4.672559647286572,0.6658315658569336,0.6820827126502991,-0.01625114679336548
Abuse,Stealing,12,0,stealing a person secretly stealing an unattended object,53.82543103448276,6.980031543325711,0.8628643155097961,0.8447384834289551,0.018125832080841064
Abuse,Vandalism,13,0,vandalism someone striking public property until visible damage appears,61.13505747126437,7.070870170128053,0.9726177453994751,0.9523077607154846,0.02030998468399048
Arrest,Normal,0,0,normal an orderly scene with predictable everyday human activity,40.814263057227244,26.90859288713692,0.5183455944061279,0.5656284689903259,-0.047282874584198
Arrest,Abuse,1,0,abuse a vulnerable victim enduring repeated close range mistreatment,65.27264914095898,33.547400638517985,0.5983937978744507,0.4786466658115387,0.11974713206291199
Arrest,Arrest,2,0,arrest a person being arrested by uniformed police officers,67.0158279375048,44.42616161822933,0.5798306465148926,0.42509299516677856,0.154737651348114
Arrest,Arson,3,0,arson a person lighting material before flames spread,66.00628170749883,40.49494496504645,0.5317658185958862,0.341713011264801,0.1900528073310852
Arrest,Assault,4,0,assault an attacker swinging arms repeatedly at another person,65.26830323062967,35.17356565710226,0.5737645626068115,0.4036885201931,0.17007604241371155
Arrest,Burglary,5,0,burglary a person illegally entering a building to steal property,54.70776496540316,28.286483131844918,0.5689054131507874,0.47853904962539673,0.09036636352539062
Arrest,Explosion,6,0,explosion a powerful blast destroying an object or structure,67.68109385252065,48.231704879955,0.5373571515083313,0.31945323944091797,0.21790391206741333
Arrest,Fighting,7,0,fighting a public fight where both sides are physically attacking,66.86679578767477,37.835224205740275,0.5849172472953796,0.4337303638458252,0.15118688344955444
Arrest,RoadAccidents,8,0,roadAccidents a vehicle collision causing roadway impact and disruption,65.09027980695757,42.055070819003305,0.5209701061248779,0.3304766118526459,0.19049349427223206
Arrest,Robbery,9,0,robbery a threatening person demanding valuables from a victim,58.87357822826045,33.88983318008172,0.5858464241027832,0.4516434967517853,0.13420292735099792
Arrest,Shooting,10,0,shooting a shooting incident involving a visible gun,64.28387906362416,34.667959573850275,0.5687087178230286,0.39288783073425293,0.17582088708877563
Arrest,Shoplifting,11,0,shoplifting a person secretly taking merchandise from a store without paying,54.07929230584434,26.282860751662046,0.4720786511898041,0.35447990894317627,0.11759874224662781
Arrest,Stealing,12,0,stealing a person secretly stealing an unattended object,54.866680684610984,43.533996413612996,0.4978445768356323,0.35009172558784485,0.14775285124778748
Arrest,Vandalism,13,0,vandalism someone striking public property until visible damage appears,63.86185700718578,39.541472512120656,0.5670369863510132,0.40984469652175903,0.15719228982925415
Arson,Normal,0,0,normal an orderly scene with predictable everyday human activity,53.12167114757895,29.830017458025914,0.5379768013954163,0.5268835425376892,0.01109325885772705
Arson,Abuse,1,0,abuse a vulnerable victim enduring repeated close range mistreatment,71.84295740572443,50.571142784841626,0.7130512595176697,0.4106062352657318,0.30244502425193787
Arson,Arrest,2,0,arrest a person being arrested by uniformed police officers,75.95745805220719,55.810508565748016,0.7949142456054688,0.4400002062320709,0.3549140393733978
Arson,Arson,3,0,arson a person lighting material before flames spread,75.70071709126839,52.47407788606544,0.9167360067367554,0.5634335875511169,0.3533024191856384
Arson,Assault,4,0,assault an attacker swinging arms repeatedly at another person,76.1543516584489,56.08994118871777,0.853330135345459,0.483148455619812,0.370181679725647
Arson,Burglary,5,0,burglary a person illegally entering a building to steal property,71.42858581632537,44.86291855013418,0.8708727955818176,0.5173510313034058,0.35352176427841187
Arson,Explosion,6,0,explosion a powerful blast destroying an object or structure,81.2968139371947,58.75741547610451,0.8672004342079163,0.481814980506897,0.3853854537010193
Arson,Fighting,7,0,fighting a public fight where both sides are physically attacking,74.9797749828516,56.909672153047765,0.8037266135215759,0.45751792192459106,0.34620869159698486
Arson,RoadAccidents,8,0,roadAccidents a vehicle collision causing roadway impact and disruption,77.08002001289356,53.14764806033841,0.8834261894226074,0.5153672695159912,0.3680589199066162
Arson,Robbery,9,0,robbery a threatening person demanding valuables from a victim,70.7714423050965,44.83022816090465,0.7633617520332336,0.4542135000228882,0.30914825201034546
Arson,Shooting,10,0,shooting a shooting incident involving a visible gun,73.51004248876568,49.36519904954193,0.8467796444892883,0.4900975823402405,0.35668206214904785
Arson,Shoplifting,11,0,shoplifting a person secretly taking merchandise from a store without paying,68.93812565665786,46.90208437568687,0.48631277680397034,0.3052528500556946,0.18105992674827576
Arson,Stealing,12,0,stealing a person secretly stealing an unattended object,65.19492206969299,38.442105983975715,0.8935112953186035,0.5412782430648804,0.35223305225372314
Arson,Vandalism,13,0,vandalism someone striking public property until visible damage appears,74.7647415815383,45.32714652260024,0.9178203344345093,0.5583064556121826,0.35951387882232666
Assault,Normal,0,0,normal an orderly scene with predictable everyday human activity,56.433925567260616,39.88582495381472,0.8046151399612427,0.8041918873786926,0.00042325258255004883
Assault,Abuse,1,0,abuse a vulnerable victim enduring repeated close range mistreatment,22.942493579964594,22.55085974044099,0.8593708276748657,0.8776883482933044,-0.01831752061843872
Assault,Arrest,2,0,arrest a person being arrested by uniformed police officers,31.605196795183303,26.582193017183048,0.8076016902923584,0.8425242900848389,-0.03492259979248047
Assault,Arson,3,0,arson a person lighting material before flames spread,27.86985708646647,25.091804152678108,0.6252685189247131,0.7711350917816162,-0.14586657285690308
Assault,Assault,4,0,assault an attacker swinging arms repeatedly at another person,38.67565417825786,29.761304617329955,0.8564286231994629,0.8575798273086548,-0.0011512041091918945
Assault,Burglary,5,0,burglary a person illegally entering a building to steal property,70.35331618269585,61.88971380781945,0.9360157251358032,0.9021464586257935,0.033869266510009766
Assault,Explosion,6,0,explosion a powerful blast destroying an object or structure,31.73073929507319,25.893101377220017,0.603374719619751,0.7276631593704224,-0.12428843975067139
Assault,Fighting,7,0,fighting a public fight where both sides are physically attacking,33.909214561264,26.60846345429168,0.8576110601425171,0.863187849521637,-0.005576789379119873
Assault,RoadAccidents,8,0,roadAccidents a vehicle collision causing roadway impact and disruption,82.0222817372783,79.15080594099652,0.8216829895973206,0.6898353099822998,0.13184767961502075
Assault,Robbery,9,0,robbery a threatening person demanding valuables from a victim,91.33521950778635,90.99058825324893,0.9658574461936951,0.91363126039505,0.05222618579864502
Assault,Shooting,10,0,shooting a shooting incident involving a visible gun,28.888711993510153,26.30528406477585,0.7343882918357849,0.8327444195747375,-0.09835612773895264
Assault,Shoplifting,11,0,shoplifting a person secretly taking merchandise from a store without paying,95.02153756190572,95.28208810245,0.9640253186225891,0.7863858938217163,0.1776394248008728
Assault,Stealing,12,0,stealing a person secretly stealing an unattended object,96.61191957158324,95.04120434877427,0.9530395865440369,0.8396620750427246,0.11337751150131226
Assault,Vandalism,13,0,vandalism someone striking public property until visible damage appears,28.31656014591544,27.97497893308677,0.7734655737876892,0.8418492078781128,-0.06838363409042358
Burglary,Normal,0,0,normal an orderly scene with predictable everyday human activity,37.75524190170438,15.734746366098754,0.4841502904891968,0.5600248575210571,-0.07587456703186035
Burglary,Abuse,1,0,abuse a vulnerable victim enduring repeated close range mistreatment,58.34848330076989,28.318949920673376,0.6261879801750183,0.5184605717658997,0.10772740840911865
Burglary,Arrest,2,0,arrest a person being arrested by uniformed police officers,64.06339225635045,36.220510651725014,0.5997748374938965,0.4510570764541626,0.1487177610397339
Burglary,Arson,3,0,arson a person lighting material before flames spread,61.73575341201831,31.22165675846127,0.7092524170875549,0.6658538579940796,0.04339855909347534
Burglary,Assault,4,0,assault an attacker swinging arms repeatedly at another person,65.42170002343333,40.767805130379074,0.6677980422973633,0.5223659873008728,0.14543205499649048
Burglary,Burglary,5,0,burglary a person illegally entering a building to steal property,58.363734284975656,24.831320474431607,0.7651236057281494,0.7846556305885315,-0.01953202486038208
Burglary,Explosion,6,0,explosion a powerful blast destroying an object or structure,63.13221087617313,34.810647067060316,0.5090609788894653,0.3798140585422516,0.12924692034721375
Burglary,Fighting,7,0,fighting a public fight where both sides are physically attacking,61.07227547800556,30.57780899606895,0.6205743551254272,0.4756268262863159,0.14494752883911133
Burglary,RoadAccidents,8,0,roadAccidents a vehicle collision causing roadway impact and disruption,56.89089506905623,25.649465064362296,0.5821995139122009,0.5465102791786194,0.03568923473358154
Burglary,Robbery,9,0,robbery a threatening person demanding valuables from a victim,59.95982332746149,28.485989000175138,0.7424175143241882,0.702202320098877,0.04021519422531128
Burglary,Shooting,10,0,shooting a shooting incident involving a visible gun,64.56062968577864,36.108345291598845,0.6959736347198486,0.5958700776100159,0.10010355710983276
Burglary,Shoplifting,11,0,shoplifting a person secretly taking merchandise from a store without paying,58.117010619114396,27.855378744331055,0.6407930254936218,0.5998786687850952,0.04091435670852661
Burglary,Stealing,12,0,stealing a person secretly stealing an unattended object,58.539231786129605,31.89285924013554,0.7384052872657776,0.7450805306434631,-0.006675243377685547
Burglary,Vandalism,13,0,vandalism someone striking public property until visible damage appears,65.30755565541418,38.28845585530989,0.7492189407348633,0.7382269501686096,0.010991990566253662
Explosion,Normal,0,0,normal an orderly scene with predictable everyday human activity,55.751904373101894,14.111316598440363,0.6995406746864319,0.6795517802238464,0.01998889446258545
Explosion,Abuse,1,0,abuse a vulnerable victim enduring repeated close range mistreatment,52.78531620785919,11.354764959266364,0.7330372929573059,0.6585255861282349,0.07451170682907104
Explosion,Arrest,2,0,arrest a person being arrested by uniformed police officers,51.832058410251115,11.19894177903647,0.7781355977058411,0.6893119215965271,0.08882367610931396
Explosion,Arson,3,0,arson a person lighting material before flames spread,56.52350979527662,12.335438912890426,0.8922927975654602,0.7689520716667175,0.12334072589874268
Explosion,Assault,4,0,assault an attacker swinging arms repeatedly at another person,49.37645622323785,10.539375508760711,0.812751829624176,0.7200186848640442,0.09273314476013184
Explosion,Burglary,5,0,burglary a person illegally entering a building to steal property,36.09329993878509,8.499879748392514,0.710090160369873,0.7376219034194946,-0.027531743049621582
Explosion,Explosion,6,0,explosion a powerful blast destroying an object or structure,61.48020996273752,16.131176193852273,0.8909051418304443,0.7481400370597839,0.1427651047706604
Explosion,Fighting,7,0,fighting a public fight where both sides are physically attacking,55.43137000519687,12.130935607822853,0.8346714377403259,0.7261884212493896,0.10848301649093628
Explosion,RoadAccidents,8,0,roadAccidents a vehicle collision causing roadway impact and disruption,54.1849201572923,13.09264180446248,0.8858765363693237,0.8252682089805603,0.06060832738876343
Explosion,Robbery,9,0,robbery a threatening person demanding valuables from a victim,41.5388575156944,9.197637116330146,0.6796222925186157,0.71540367603302,-0.0357813835144043
Explosion,Shooting,10,0,shooting a shooting incident involving a visible gun,46.491694694069864,9.91433667033986,0.8236187696456909,0.7314151525497437,0.09220361709594727
Explosion,Shoplifting,11,0,shoplifting a person secretly taking merchandise from a store without paying,36.89688253036352,8.758680481441997,0.35754281282424927,0.47883540391921997,-0.1212925910949707
Explosion,Stealing,12,0,stealing a person secretly stealing an unattended object,36.5996786317447,8.587970672733922,0.7622268795967102,0.8067815899848938,-0.044554710388183594
Explosion,Vandalism,13,0,vandalism someone striking public property until visible damage appears,43.23679742905395,9.43385035706979,0.8620807528495789,0.7920191884040833,0.0700615644454956
Fighting,Normal,0,0,normal an orderly scene with predictable everyday human activity,43.59566562442595,33.273529681014104,0.6417798399925232,0.6859099864959717,-0.044130146503448486
Fighting,Abuse,1,0,abuse a vulnerable victim enduring repeated close range mistreatment,53.85721275287783,41.47410352984912,0.862824559211731,0.8276256322860718,0.03519892692565918
Fighting,Arrest,2,0,arrest a person being arrested by uniformed police officers,56.17228119687492,44.42450237230039,0.83806312084198,0.7983161211013794,0.039746999740600586
Fighting,Arson,3,0,arson a person lighting material before flames spread,53.91619833740751,44.29215909828059,0.7270194292068481,0.730800986289978,-0.003781557083129883
Fighting,Assault,4,0,assault an attacker swinging arms repeatedly at another person,59.091465737373625,46.03778709267936,0.8721847534179688,0.8546662926673889,0.017518460750579834
Fighting,Burglary,5,0,burglary a person illegally entering a building to steal property,59.23267926391639,44.63543628172358,0.9580451846122742,0.9356520175933838,0.02239316701889038
Fighting,Explosion,6,0,explosion a powerful blast destroying an object or structure,51.167396019098085,46.74330972943812,0.7305060029029846,0.755946159362793,-0.02544015645980835
Fighting,Fighting,7,0,fighting a public fight where both sides are physically attacking,57.37134608553212,47.84914932488456,0.8793021440505981,0.8699712157249451,0.009330928325653076
Fighting,RoadAccidents,8,0,roadAccidents a vehicle collision causing roadway impact and disruption,53.8344333905634,37.369455440776534,0.9195932745933533,0.8883118033409119,0.031281471252441406
Fighting,Robbery,9,0,robbery a threatening person demanding valuables from a victim,69.71211191889621,55.39816096459595,0.9751018285751343,0.9638449549674988,0.011256873607635498
Fighting,Shooting,10,0,shooting a shooting incident involving a visible gun,60.7012073409273,47.86068971944803,0.8917801380157471,0.8855440616607666,0.006236076354980469
Fighting,Shoplifting,11,0,shoplifting a person secretly taking merchandise from a store without paying,64.58703319524889,44.52264348088079,0.9085103273391724,0.8461397290229797,0.06237059831619263
Fighting,Stealing,12,0,stealing a person secretly stealing an unattended object,55.65928254963106,42.45257386740572,0.8155332207679749,0.7958105802536011,0.01972264051437378
Fighting,Vandalism,13,0,vandalism someone striking public property until visible damage appears,62.508925678742244,45.323975171206904,0.920293390750885,0.9136581420898438,0.00663524866104126
Normal,Normal,0,0,normal an orderly scene with predictable everyday human activity,nan,nan,nan,0.7634702324867249,nan
Normal,Abuse,1,0,abuse a vulnerable victim enduring repeated close range mistreatment,nan,nan,nan,0.019160762429237366,nan
Normal,Arrest,2,0,arrest a person being arrested by uniformed police officers,nan,nan,nan,0.017800647765398026,nan
Normal,Arson,3,0,arson a person lighting material before flames spread,nan,nan,nan,0.023275254294276237,nan
Normal,Assault,4,0,assault an attacker swinging arms repeatedly at another person,nan,nan,nan,0.020247045904397964,nan
Normal,Burglary,5,0,burglary a person illegally entering a building to steal property,nan,nan,nan,0.0351870134472847,nan
Normal,Explosion,6,0,explosion a powerful blast destroying an object or structure,nan,nan,nan,0.02321336232125759,nan
Normal,Fighting,7,0,fighting a public fight where both sides are physically attacking,nan,nan,nan,0.021717436611652374,nan
Normal,RoadAccidents,8,0,roadAccidents a vehicle collision causing roadway impact and disruption,nan,nan,nan,0.03422079235315323,nan
Normal,Robbery,9,0,robbery a threatening person demanding valuables from a victim,nan,nan,nan,0.025200381875038147,nan
Normal,Shooting,10,0,shooting a shooting incident involving a visible gun,nan,nan,nan,0.02104121819138527,nan
Normal,Shoplifting,11,0,shoplifting a person secretly taking merchandise from a store without paying,nan,nan,nan,0.030722565948963165,nan
Normal,Stealing,12,0,stealing a person secretly stealing an unattended object,nan,nan,nan,0.031673502177000046,nan
Normal,Vandalism,13,0,vandalism someone striking public property until visible damage appears,nan,nan,nan,0.0274332445114851,nan
RoadAccidents,Normal,0,0,normal an orderly scene with predictable everyday human activity,44.44790380823768,7.0901885648016565,0.7645418643951416,0.7710853815078735,-0.006543517112731934
RoadAccidents,Abuse,1,0,abuse a vulnerable victim enduring repeated close range mistreatment,50.58089579352543,8.161878532145273,0.4548640847206116,0.47615689039230347,-0.021292805671691895
RoadAccidents,Arrest,2,0,arrest a person being arrested by uniformed police officers,51.61673743200203,8.404403065768475,0.501848578453064,0.5097111463546753,-0.007862567901611328
RoadAccidents,Arson,3,0,arson a person lighting material before flames spread,55.82699147347555,10.298078704413403,0.5383342504501343,0.48621606826782227,0.05211818218231201
RoadAccidents,Assault,4,0,assault an attacker swinging arms repeatedly at another person,52.579665413032195,8.552188463930536,0.4858436584472656,0.48042452335357666,0.005419135093688965
RoadAccidents,Burglary,5,0,burglary a person illegally entering a building to steal property,49.95321473583668,7.971499841915021,0.4749513864517212,0.474069744348526,0.0008816421031951904
RoadAccidents,Explosion,6,0,explosion a powerful blast destroying an object or structure,53.99848363877076,13.923590032547315,0.5562267899513245,0.5337976813316345,0.02242910861968994
RoadAccidents,Fighting,7,0,fighting a public fight where both sides are physically attacking,51.78517037917894,8.419300570863006,0.5218840837478638,0.5340715050697327,-0.012187421321868896
RoadAccidents,RoadAccidents,8,0,roadAccidents a vehicle collision causing roadway impact and disruption,52.5146667249796,9.038584024427937,0.7866567969322205,0.728490948677063,0.05816584825515747
RoadAccidents,Robbery,9,0,robbery a threatening person demanding valuables from a victim,49.507218202870604,7.769108676283171,0.4802038371562958,0.4917709529399872,-0.011567115783691406
RoadAccidents,Shooting,10,0,shooting a shooting incident involving a visible gun,53.66290692503796,9.044402670570966,0.48296889662742615,0.4546508193016052,0.028318077325820923
RoadAccidents,Shoplifting,11,0,shoplifting a person secretly taking merchandise from a store without paying,48.110286066743846,7.449061623083282,0.3660913407802582,0.39972952008247375,-0.033638179302215576
RoadAccidents,Stealing,12,0,stealing a person secretly stealing an unattended object,52.58755040148139,9.098196994139288,0.5962443351745605,0.5652987360954285,0.03094559907913208
RoadAccidents,Vandalism,13,0,vandalism someone striking public property until visible damage appears,53.08451454039277,8.768223165933406,0.6258257031440735,0.6093343496322632,0.016491353511810303
Robbery,Normal,0,0,normal an orderly scene with predictable everyday human activity,23.85579139056216,32.022455880660644,0.731011152267456,0.8169441223144531,-0.08593297004699707
Robbery,Abuse,1,0,abuse a vulnerable victim enduring repeated close range mistreatment,75.60773361273766,81.60897169747251,0.7097347974777222,0.43369582295417786,0.2760389745235443
Robbery,Arrest,2,0,arrest a person being arrested by uniformed police officers,75.89629567332122,81.94538768752138,0.7124297618865967,0.3952971398830414,0.3171326220035553
Robbery,Arson,3,0,arson a person lighting material before flames spread,74.05802078478509,80.11963157140288,0.613974392414093,0.3530126214027405,0.26096177101135254
Robbery,Assault,4,0,assault an attacker swinging arms repeatedly at another person,77.15137243358599,83.54715049582477,0.7241537570953369,0.43182116746902466,0.29233258962631226
Robbery,Burglary,5,0,burglary a person illegally entering a building to steal property,74.45470017182431,81.01865591532587,0.7491945028305054,0.6887934803962708,0.06040102243423462
Robbery,Explosion,6,0,explosion a powerful blast destroying an object or structure,75.48606657812634,81.54637814375079,0.5963990092277527,0.24934907257556915,0.3470499515533447
Robbery,Fighting,7,0,fighting a public fight where both sides are physically attacking,76.370815797558,82.15563789698406,0.7173523306846619,0.3874320089817047,0.32992032170295715
Robbery,RoadAccidents,8,0,roadAccidents a vehicle collision causing roadway impact and disruption,71.46787726300569,71.17372491726508,0.7104679346084595,0.578560471534729,0.13190746307373047
Robbery,Robbery,9,0,robbery a threatening person demanding valuables from a victim,73.78852176188258,79.48520211813599,0.7546305060386658,0.681076169013977,0.07355433702468872
Robbery,Shooting,10,0,shooting a shooting incident involving a visible gun,76.80104239306533,84.15493738115984,0.7131140828132629,0.44835686683654785,0.2647572159767151
Robbery,Shoplifting,11,0,shoplifting a person secretly taking merchandise from a store without paying,73.7095596695273,78.69753307906497,0.7476842999458313,0.6782711744308472,0.06941312551498413
Robbery,Stealing,12,0,stealing a person secretly stealing an unattended object,53.36565405959769,46.035948102586374,0.7217369079589844,0.7595939040184021,-0.037856996059417725
Robbery,Vandalism,13,0,vandalism someone striking public property until visible damage appears,75.3268341457318,83.52206841565334,0.7295225858688354,0.5980825424194336,0.13144004344940186
Shooting,Normal,0,0,normal an orderly scene with predictable everyday human activity,43.87582153949784,11.00392223349739,0.6079660654067993,0.6588417291641235,-0.05087566375732422
Shooting,Abuse,1,0,abuse a vulnerable victim enduring repeated close range mistreatment,57.5707790994486,13.519643865426332,0.7442173957824707,0.563625693321228,0.18059170246124268
Shooting,Arrest,2,0,arrest a person being arrested by uniformed police officers,56.56108735211155,13.466185946503838,0.7128905653953552,0.5608816742897034,0.15200889110565186
Shooting,Arson,3,0,arson a person lighting material before flames spread,55.327773805594404,16.987672233325817,0.7095048427581787,0.5864740610122681,0.12303078174591064
Shooting,Assault,4,0,assault an attacker swinging arms repeatedly at another person,55.03815601069804,12.900598451984932,0.7512462139129639,0.5791712999343872,0.17207491397857666
Shooting,Burglary,5,0,burglary a person illegally entering a building to steal property,69.11381258019455,29.00304110425143,0.8533397316932678,0.6238489747047424,0.2294907569885254
Shooting,Explosion,6,0,explosion a powerful blast destroying an object or structure,50.994365581410484,11.99557368713558,0.5780084133148193,0.5451650023460388,0.03284341096878052
Shooting,Fighting,7,0,fighting a public fight where both sides are physically attacking,54.781015911237084,12.721184950652148,0.7157576084136963,0.5687326192855835,0.1470249891281128
Shooting,RoadAccidents,8,0,roadAccidents a vehicle collision causing roadway impact and disruption,57.14822957068246,14.960033081895718,0.777267336845398,0.633375346660614,0.14389199018478394
Shooting,Robbery,9,0,robbery a threatening person demanding valuables from a victim,65.36056492788819,18.09957065100046,0.8660820722579956,0.6177467703819275,0.24833530187606812
Shooting,Shooting,10,0,shooting a shooting incident involving a visible gun,54.99937810483917,13.087988580988064,0.7613595724105835,0.5896375775337219,0.17172199487686157
Shooting,Shoplifting,11,0,shoplifting a person secretly taking merchandise from a store without paying,68.54380467072131,19.322860012317946,0.7503431439399719,0.4979044198989868,0.2524387240409851
Shooting,Stealing,12,0,stealing a person secretly stealing an unattended object,67.8498294814131,20.60797808258197,0.8355970978736877,0.6326454281806946,0.20295166969299316
Shooting,Vandalism,13,0,vandalism someone striking public property until visible damage appears,59.399013570260564,15.13809084432926,0.8352015018463135,0.6417600512504578,0.1934414505958557
Shoplifting,Normal,0,0,normal an orderly scene with predictable everyday human activity,35.21434339894477,7.3659589682442075,0.7260597944259644,0.7805256843566895,-0.0544658899307251
Shoplifting,Abuse,1,0,abuse a vulnerable victim enduring repeated close range mistreatment,61.438739948990516,26.328808252288244,0.5919985175132751,0.5001853704452515,0.09181314706802368
Shoplifting,Arrest,2,0,arrest a person being arrested by uniformed police officers,60.63440063859198,18.60183301723326,0.505599856376648,0.39709192514419556,0.10850793123245239
Shoplifting,Arson,3,0,arson a person lighting material before flames spread,59.260630414890095,22.69659654211041,0.42659303545951843,0.2899652421474457,0.13662779331207275
Shoplifting,Assault,4,0,assault an attacker swinging arms repeatedly at another person,60.98543932402703,24.609489654594256,0.5512082576751709,0.45211127400398254,0.09909698367118835
Shoplifting,Burglary,5,0,burglary a person illegally entering a building to steal property,57.772779627358204,14.785113653511553,0.7052141427993774,0.6824795603752136,0.02273458242416382
Shoplifting,Explosion,6,0,explosion a powerful blast destroying an object or structure,59.250425403500586,16.47289119380188,0.3309170603752136,0.23521070182323456,0.09570635855197906
Shoplifting,Fighting,7,0,fighting a public fight where both sides are physically attacking,59.56363452290559,16.985740765456335,0.5605615377426147,0.4770714342594147,0.08349010348320007
Shoplifting,RoadAccidents,8,0,roadAccidents a vehicle collision causing roadway impact and disruption,56.57162860424819,13.939951025522014,0.5693808794021606,0.523212730884552,0.04616814851760864
Shoplifting,Robbery,9,0,robbery a threatening person demanding valuables from a victim,54.67486712224754,10.89415426348817,0.7207357287406921,0.7032201290130615,0.017515599727630615
Shoplifting,Shooting,10,0,shooting a shooting incident involving a visible gun,60.32991375114383,20.037447129939356,0.5284196734428406,0.43361592292785645,0.09480375051498413
Shoplifting,Shoplifting,11,0,shoplifting a person secretly taking merchandise from a store without paying,53.145881665790554,10.11233690427992,0.7492876052856445,0.737017810344696,0.012269794940948486
Shoplifting,Stealing,12,0,stealing a person secretly stealing an unattended object,58.37482545801452,22.65559744533945,0.6377329230308533,0.6039281487464905,0.03380477428436279
Shoplifting,Vandalism,13,0,vandalism someone striking public property until visible damage appears,55.95143430095594,12.966993678410397,0.5434582829475403,0.4987262785434723,0.04473200440406799
Stealing,Normal,0,0,normal an orderly scene with predictable everyday human activity,11.994457364341086,18.090196212855112,0.6195388436317444,0.7825740575790405,-0.16303521394729614
Stealing,Abuse,1,0,abuse a vulnerable victim enduring repeated close range mistreatment,82.16100775193799,59.99710544433079,0.8309028148651123,0.5690053701400757,0.2618974447250366
Stealing,Arrest,2,0,arrest a person being arrested by uniformed police officers,82.70589147286822,62.53799250035882,0.8007063865661621,0.47469213604927063,0.3260142505168915
Stealing,Arson,3,0,arson a person lighting material before flames spread,84.70112403100775,79.09796941221907,0.8753020167350769,0.588360607624054,0.28694140911102295
Stealing,Assault,4,0,assault an attacker swinging arms repeatedly at another person,85.76604651162792,70.34222583849046,0.8831074833869934,0.5796258449554443,0.3034816384315491
Stealing,Burglary,5,0,burglary a person illegally entering a building to steal property,84.02658914728683,80.74312412806105,0.9644011855125427,0.8371284008026123,0.12727278470993042
Stealing,Explosion,6,0,explosion a powerful blast destroying an object or structure,81.685,60.77884996332572,0.7410133481025696,0.38748806715011597,0.3535252809524536
Stealing,Fighting,7,0,fighting a public fight where both sides are physically attacking,85.15220930232557,64.07075377316386,0.7971498370170593,0.4398440718650818,0.35730576515197754
Stealing,RoadAccidents,8,0,roadAccidents a vehicle collision causing roadway impact and disruption,71.17887596899224,47.022971758828106,0.8998503684997559,0.7912154793739319,0.10863488912582397
Stealing,Robbery,9,0,robbery a threatening person demanding valuables from a victim,86.33426356589148,74.08555724138658,0.9656046628952026,0.8055832386016846,0.16002142429351807
Stealing,Shooting,10,0,shooting a shooting incident involving a visible gun,87.12038759689923,72.66907445894257,0.8830864429473877,0.6054251194000244,0.2776613235473633
Stealing,Shoplifting,11,0,shoplifting a person secretly taking merchandise from a store without paying,71.61717054263565,41.77780558834733,0.8902772665023804,0.7695144414901733,0.12076282501220703
Stealing,Stealing,12,0,stealing a person secretly stealing an unattended object,76.09399224806201,56.294751210323646,0.9873563647270203,0.9422841668128967,0.045072197914123535
Stealing,Vandalism,13,0,vandalism someone striking public property until visible damage appears,83.66550387596901,68.28429137250554,0.9336900115013123,0.7741454839706421,0.15954452753067017
Vandalism,Normal,0,0,normal an orderly scene with predictable everyday human activity,34.9825128312841,13.90599204203764,0.5344929695129395,0.5917503237724304,-0.05725735425949097
Vandalism,Abuse,1,0,abuse a vulnerable victim enduring repeated close range mistreatment,71.78874293808131,32.8627382228762,0.6292880177497864,0.5015481114387512,0.12773990631103516
Vandalism,Arrest,2,0,arrest a person being arrested by uniformed police officers,73.61038135707322,31.549293864267835,0.7480507493019104,0.5816124081611633,0.16643834114074707
Vandalism,Arson,3,0,arson a person lighting material before flames spread,53.050856585828235,23.440355208549338,0.9159591197967529,0.9016076922416687,0.014351427555084229
Vandalism,Assault,4,0,assault an attacker swinging arms repeatedly at another person,75.44804743670528,33.522892462127565,0.8150955438613892,0.6523891091346741,0.1627064347267151
Vandalism,Burglary,5,0,burglary a person illegally entering a building to steal property,55.608216330333526,22.315610380017315,0.9733024835586548,0.9728465676307678,0.0004559159278869629
Vandalism,Explosion,6,0,explosion a powerful blast destroying an object or structure,78.963275330005,37.239773261000586,0.6099320650100708,0.490368127822876,0.11956393718719482
Vandalism,Fighting,7,0,fighting a public fight where both sides are physically attacking,70.59752583760145,33.95969958687578,0.7359517812728882,0.581646203994751,0.1543055772781372
Vandalism,RoadAccidents,8,0,roadAccidents a vehicle collision causing roadway impact and disruption,81.4036159177936,47.50562912726585,0.8690763711929321,0.7547243237495422,0.11435204744338989
Vandalism,Robbery,9,0,robbery a threatening person demanding valuables from a victim,64.718476510537,29.624363021759525,0.9268884062767029,0.8695704340934753,0.05731797218322754
Vandalism,Shooting,10,0,shooting a shooting incident involving a visible gun,74.5935835501053,31.782702410499663,0.8372601866722107,0.736592173576355,0.10066801309585571
Vandalism,Shoplifting,11,0,shoplifting a person secretly taking merchandise from a store without paying,66.81568728827708,26.552478186779854,0.8032206892967224,0.7184759974479675,0.08474469184875488
Vandalism,Stealing,12,0,stealing a person secretly stealing an unattended object,59.43434637196451,29.56584382284823,0.962361752986908,0.9531828165054321,0.00917893648147583
Vandalism,Vandalism,13,0,vandalism someone striking public property until visible damage appears,82.62861174392366,40.58203828500449,0.9765322208404541,0.950090229511261,0.026441991329193115
